system,model,examples,exact_match,token_f1,answer_recall
System 1,MiniLM + DistilBERT,114,38.59649122807017,55.44006188743032,71.05263157894737
System 2,BGE + RoBERTa,114,57.01754385964912,69.49780874266,85.08771929824562
System 3,E5 + RoBERTa,114,50.877192982456144,60.770632664225346,71.9298245614035
System 4,TF-IDF baseline,114,49.122807017543856,58.20770360244044,70.17543859649122
